item,list 1,list 2
1,You should leave really now,You should leave really moving
2,Her handsome is neighbor moving,Her handsome is neighbor now
3,Her clever sister little passed,Her clever sister little eagerly
4,The young bounces girl eagerly,The young bounces girl passed
5,His nice friend best laughs,His nice friend best everything
6,The huge lights star up,The huge lights star laughs
7,Their large balls round fell,Their large balls round everything
8,Your elderly wants uncle everything,Your elderly wants uncle fell
9,The lonely bird raven sings,The lonely bird raven everything
10,The gray eat mice everything,The gray eat mice sings
11,Your little bird red sleeps,Your little bird red strongly
12,A large bites mouse strongly,A large bites mouse sleeps
13,Your ugly parrot white talks,Your ugly parrot white away
14,The white runs cat away,The white runs cat talks
15,The new mirror long shines,The new mirror long slowly
16,Their cute swims duck slowly,Their cute swims duck shines
17,Your big bag blue snapped,Your big bag blue tomorrow
18,My crazy leaves aunt tomorrow,My crazy leaves aunt snapped
19,The silly knows boy nothing,The silly knows boy back
20,They need go to back,They need go to nothing
21,These pretty stones oval roll,These pretty stones oval gently
22,The thin falls rod gently,The thin falls rod roll
23,This beautiful panel solar works,This beautiful panel solar easily
24,His fine breaks pen easily,His fine breaks pen works
25,She eats fruit a salad,She eats fruit a disappear
26,This magnificent will valley disappear,This magnificent will valley salad
27,That poor can man walk,That poor can man ill
28,His grand are uncles ill,His grand are uncles walk
29,Our shiny is ball new,Our shiny is ball themselves
30,They want destroy to themselves,They want destroy to new
31,He would green like apples,He would green like nearby
32,The black play dogs nearby,The black play dogs apples
33,His orange often hens fight,His orange often hens quickly
34,His small drinks hamster quickly,His small drinks hamster fight
35,Your older suddenly brother jumped,Your older suddenly brother soon
36,Her step leaves mother soon,Her step leaves mother jumped
37,Our tired already baby yawned,Our tired already baby well
38,Her old cooks aunt well,Her old cooks aunt yawned
39,The great nearly lady succeeds,The great nearly lady talking
40,My two are siblings talking,My two are siblings succeeds
41,Your old never uncles there,Your old never uncles forget
42,My wooden is cabin forget,My wooden is cabin there
43,The scared really children fast,The scared really children cried
44,That brown runs horse cried,That brown runs horse fast
45,Our father many loves sick,Our father many loves things
46,Our distant fell cousin things,Our distant fell cousin sick
47,You bought fried some happily,You bought fried some fish
48,Her young smiled kid fish,Her young smiled kid happily
49,My fresh is watermelon cinema,My fresh is watermelon tasty
50,I went the to tasty,I went the to cinema
51,Their small was kitten dive,Their small was kitten hungry
52,We hope can you hungry,We hope can you dive
53,This tall is mug flights,This tall is mug broken
54,They love punctual the broken,They love punctual the flights
55,His closed got door soon,His closed got door stuck
56,It will quite rain stuck,It will quite rain soon
57,That sad is news day,That sad is news unfortunate
58,Their sheep all sleeps unfortunate,Their sheep all sleeps day
59,These dirty are walls much,These dirty are walls sturdy
60,Her son so eats sturdy,Her son so eats much
61,His short felt girlfriend dinner,His short felt girlfriend cold
62,We will for come cold,We will for come dinner
63,I finished a making rockular,I finished a making movie
64,The famous is beach movie,The famous is beach rockular
65,Their dog very was tomatoes,Their dog very was afraid
66,He picks ripe up afraid,He picks ripe up tomatoes
67,Your two are nephews go,Your two are nephews thirsty
68,We want to you thirsty,We want to you go
69,The flexible climbs girl dance,The flexible climbs girl high
70,My friend to likes high,My friend to likes dance
71,Your sharp turned nose bed,Your sharp turned nose red
72,I sleep my in red,I sleep my in bed
73,Your flat became roof you,Your flat became roof dirty
74,They will to talk dirty,They will to talk you
75,This friendly was woman lot,This friendly was woman drunk
76,Those ladies a laugh drunk,Those ladies a laugh lot
77,My wool is sweater us,My wool is sweater expensive
78,You have inform to expensive,You have inform to us
79,I think ate you arrived,I think ate you it
80,The next finally train it,The next finally train arrived
81,She threw out the flour,She threw out the flour
82,We wish to see you,We wish to see you
83,The sweet bread is good,The sweet bread is good
84,The cough syrup was helpful,The cough syrup was helpful
85,The iron will rust outside,The iron will rust outside
86,Paper burns in the sun,Paper burns in the sun
87,He does not know everything,He does not know everything
88,There are so many people,There are so many people
89,You are just too afraid,You are just too afraid
90,You will be going tomorrow,You will be going tomorrow
91,She had butter on toast,She had butter on toast
92,Her rich father is anxious,Her rich father is anxious
93,They carve a large stone,They carve a large stone
94,The deer is leaping about,The deer is leaping about
95,You did not change it,You did not change it
96,She would want some shoes,She would want some shoes
97,This grizzly bear is hunting,This grizzly bear is hunting
98,That chicken is laying eggs,That chicken is laying eggs
99,I prefer not to speak,I prefer not to speak
100,He likes having sweet coffee,He likes having sweet coffee
101,There should be no problem,There should be no problem
102,The flowers grow in spring,The flowers grow in spring
103,They wanted to sleep more,They wanted to sleep more
104,The brown bugs were eaten,The brown bugs were eaten
105,Their door bell is ringing,Their door bell is ringing
106,She wants to learn everything,She wants to learn everything
107,The time difference is important,The time difference is important
108,The monkey is caged up,The monkey is caged up
109,You seem to live dangerously,You seem to live dangerously
110,She always listens to conversations,She always listens to conversations
111,The others are very kind,The others are very kind
112,That swan is rather lovely,That swan is rather lovely
113,That guy will not come,That guy will not come
114,He takes a morning nap,He takes a morning nap
115,This kind of thing happens,This kind of thing happens
116,He received a few gifts,He received a few gifts
117,She really enjoys the summer,She really enjoys the summer
118,This wonderful park is round,This wonderful park is round
119,The hardworking rooster arrives early,The hardworking rooster arrives early
120,The next person is blond,The next person is blond
121,There is a public holiday,There is a public holiday
122,Her desk has rounded corners,Her desk has rounded corners
123,His lawn chair can fold,His lawn chair can fold
124,The blue whales are migrating,The blue whales are migrating
125,The baker makes good pastries,The baker makes good pastries
126,Those salads are sold out,Those salads are sold out
127,These fruit candies are delicious,These fruit candies are delicious
128,She often thinks of you,She often thinks of you
129,He wants some salty fries,He wants some salty fries
130,Here is the right key,Here is the right key
131,The rose has prickly thorns,The rose has prickly thorns
132,You know about it now,You know about it now
133,You came after the meal,You came after the meal
134,The leaves drop during fall,The leaves drop during fall
135,He accidentally scratched the cat,He accidentally scratched the cat
136,They sold all three cars,They sold all three cars
137,She felt sleepy earlier today,She felt sleepy earlier today
138,They would like to rest,They would like to rest
139,His beard looks quite good,His beard looks quite good
140,We buy whole grain cereal,We buy whole grain cereal
141,The garden vegetables grew out,The garden vegetables grew out
142,They have four children altogether,They have four children altogether
143,This is her second daughter,This is her second daughter
144,The newspaper can be recycled,The newspaper can be recycled
145,The belt is too long,The belt is too long
146,He will dig a hole,He will dig a hole
147,They went to a museum,They went to a museum
148,The weather is sunny today,The weather is sunny today
149,We see some dark clouds,We see some dark clouds
150,You listen to rock songs,You listen to rock songs
151,They scratched the winning tickets,They scratched the winning tickets
152,She will lend me money,She will lend me money
153,You like the green beans,You like the green beans
154,He lies in the sand,He lies in the sand
155,She asks for some dessert,She asks for some dessert
156,I stopped on the road,I stopped on the road
157,We arrived at our destination,We arrived at our destination
158,You are on a bus,You are on a bus
159,He is aware of it,He is aware of it
160,We boiled all these potatoes,We boiled all these potatoes